PG,SG,SF,PF,C
54424-145485:LaMelo Ball,54424-40783:Zach LaVine,54424-84682:Michael Porter Jr.,54424-40199:Giannis Antetokounmpo,54424-12362:DeMarcus Cousins
54424-9623:Chris Paul,54424-40783:Zach LaVine,54424-84682:Michael Porter Jr.,54424-40199:Giannis Antetokounmpo,54424-15557:Andre Drummond
54424-145485:LaMelo Ball,54424-40783:Zach LaVine,54424-16376:Dorian Finney-Smith,54424-40199:Giannis Antetokounmpo,54424-12362:DeMarcus Cousins
54424-145485:LaMelo Ball,54424-15684:Victor Oladipo,54424-16261:Khris Middleton,54424-63122:Kristaps Porzingis,54424-12362:DeMarcus Cousins
54424-9524:Stephen Curry,54424-40783:Zach LaVine,54424-16261:Khris Middleton,54424-40199:Giannis Antetokounmpo,54424-12362:DeMarcus Cousins
54424-145485:LaMelo Ball,54424-15595:Bradley Beal,54424-16261:Khris Middleton,54424-40199:Giannis Antetokounmpo,54424-12362:DeMarcus Cousins
54424-9623:Chris Paul,54424-40783:Zach LaVine,54424-16261:Khris Middleton,54424-40199:Giannis Antetokounmpo,54424-12362:DeMarcus Cousins
54424-67708:Dejounte Murray,54424-15684:Victor Oladipo,54424-16261:Khris Middleton,54424-40199:Giannis Antetokounmpo,54424-12362:DeMarcus Cousins
54424-145485:LaMelo Ball,54424-40783:Zach LaVine,54424-16261:Khris Middleton,54424-40199:Giannis Antetokounmpo,54424-12362:DeMarcus Cousins
54424-9623:Chris Paul,54424-15595:Bradley Beal,54424-16376:Dorian Finney-Smith,54424-40199:Giannis Antetokounmpo,54424-12362:DeMarcus Cousins
54424-145485:LaMelo Ball,54424-9714:DeMar DeRozan,54424-16261:Khris Middleton,54424-40199:Giannis Antetokounmpo,54424-12362:DeMarcus Cousins
54424-9623:Chris Paul,54424-15684:Victor Oladipo,54424-16261:Khris Middleton,54424-40199:Giannis Antetokounmpo,54424-15557:Andre Drummond
54424-145485:LaMelo Ball,54424-58460:Devin Booker,54424-16261:Khris Middleton,54424-40199:Giannis Antetokounmpo,54424-12362:DeMarcus Cousins
54424-145485:LaMelo Ball,54424-9714:DeMar DeRozan,54424-16261:Khris Middleton,54424-40199:Giannis Antetokounmpo,54424-12362:DeMarcus Cousins
54424-9623:Chris Paul,54424-40783:Zach LaVine,54424-17333:Will Barton,54424-40199:Giannis Antetokounmpo,54424-12362:DeMarcus Cousins
54424-67708:Dejounte Murray,54424-40783:Zach LaVine,54424-16261:Khris Middleton,54424-40199:Giannis Antetokounmpo,54424-12362:DeMarcus Cousins
54424-145485:LaMelo Ball,54424-40783:Zach LaVine,54424-16261:Khris Middleton,54424-40199:Giannis Antetokounmpo,54424-12362:DeMarcus Cousins
54424-145485:LaMelo Ball,54424-15684:Victor Oladipo,54424-16261:Khris Middleton,54424-40199:Giannis Antetokounmpo,54424-12362:DeMarcus Cousins
54424-42677:Terry Rozier,54424-15684:Victor Oladipo,54424-16261:Khris Middleton,54424-40199:Giannis Antetokounmpo,54424-12362:DeMarcus Cousins
54424-145485:LaMelo Ball,54424-40783:Zach LaVine,54424-16261:Khris Middleton,54424-68203:Chris Boucher,54424-12362:DeMarcus Cousins
54424-145485:LaMelo Ball,54424-40783:Zach LaVine,54424-16261:Khris Middleton,54424-68203:Chris Boucher,54424-12362:DeMarcus Cousins
54424-40201:Dennis Schroder,54424-40783:Zach LaVine,54424-85305:Kenrich Williams,54424-40199:Giannis Antetokounmpo,54424-15557:Andre Drummond
54424-145485:LaMelo Ball,54424-40783:Zach LaVine,54424-16376:Dorian Finney-Smith,54424-40199:Giannis Antetokounmpo,54424-12362:DeMarcus Cousins
54424-145485:LaMelo Ball,54424-40783:Zach LaVine,54424-12366:Gordon Hayward,54424-68203:Chris Boucher,54424-12362:DeMarcus Cousins
54424-145485:LaMelo Ball,54424-40783:Zach LaVine,54424-16261:Khris Middleton,54424-63122:Kristaps Porzingis,54424-12362:DeMarcus Cousins
54424-9623:Chris Paul,54424-40783:Zach LaVine,54424-16261:Khris Middleton,54424-63122:Kristaps Porzingis,54424-12362:DeMarcus Cousins
54424-145485:LaMelo Ball,54424-15684:Victor Oladipo,54424-17333:Will Barton,54424-40199:Giannis Antetokounmpo,54424-12362:DeMarcus Cousins
54424-145485:LaMelo Ball,54424-40783:Zach LaVine,54424-9577:Rudy Gay,54424-40199:Giannis Antetokounmpo,54424-12362:DeMarcus Cousins
54424-145485:LaMelo Ball,54424-40783:Zach LaVine,54424-17333:Will Barton,54424-40199:Giannis Antetokounmpo,54424-12362:DeMarcus Cousins
54424-145485:LaMelo Ball,54424-40783:Zach LaVine,54424-84682:Michael Porter Jr.,54424-40199:Giannis Antetokounmpo,54424-12362:DeMarcus Cousins
54424-145485:LaMelo Ball,54424-40783:Zach LaVine,54424-84682:Michael Porter Jr.,54424-40199:Giannis Antetokounmpo,54424-12362:DeMarcus Cousins
54424-145485:LaMelo Ball,54424-40783:Zach LaVine,54424-16261:Khris Middleton,54424-40199:Giannis Antetokounmpo,54424-15557:Andre Drummond
54424-145485:LaMelo Ball,54424-40783:Zach LaVine,54424-17333:Will Barton,54424-63122:Kristaps Porzingis,54424-12362:DeMarcus Cousins
54424-145485:LaMelo Ball,54424-60233:Dillon Brooks,54424-16261:Khris Middleton,54424-40199:Giannis Antetokounmpo,54424-12362:DeMarcus Cousins
54424-145485:LaMelo Ball,54424-15684:Victor Oladipo,54424-12366:Gordon Hayward,54424-40199:Giannis Antetokounmpo,54424-12362:DeMarcus Cousins
54424-145485:LaMelo Ball,54424-9714:DeMar DeRozan,54424-17333:Will Barton,54424-40199:Giannis Antetokounmpo,54424-12362:DeMarcus Cousins
54424-145485:LaMelo Ball,54424-15684:Victor Oladipo,54424-24546:Denzel Valentine,54424-40199:Giannis Antetokounmpo,54424-12362:DeMarcus Cousins
54424-9623:Chris Paul,54424-15684:Victor Oladipo,54424-16261:Khris Middleton,54424-40199:Giannis Antetokounmpo,54424-12362:DeMarcus Cousins
54424-42677:Terry Rozier,54424-40783:Zach LaVine,54424-16261:Khris Middleton,54424-40199:Giannis Antetokounmpo,54424-12362:DeMarcus Cousins
54424-145485:LaMelo Ball,54424-40783:Zach LaVine,54424-17333:Will Barton,54424-63122:Kristaps Porzingis,54424-12362:DeMarcus Cousins
54424-9623:Chris Paul,54424-15684:Victor Oladipo,54424-17333:Will Barton,54424-40199:Giannis Antetokounmpo,54424-12362:DeMarcus Cousins
54424-9623:Chris Paul,54424-40783:Zach LaVine,54424-24546:Denzel Valentine,54424-40199:Giannis Antetokounmpo,54424-9621:Brook Lopez
54424-145485:LaMelo Ball,54424-40783:Zach LaVine,54424-9577:Rudy Gay,54424-40199:Giannis Antetokounmpo,54424-12362:DeMarcus Cousins
54424-67708:Dejounte Murray,54424-40783:Zach LaVine,54424-16261:Khris Middleton,54424-40199:Giannis Antetokounmpo,54424-12362:DeMarcus Cousins
54424-145485:LaMelo Ball,54424-15684:Victor Oladipo,54424-23572:Taurean Prince,54424-40199:Giannis Antetokounmpo,54424-12362:DeMarcus Cousins
54424-145485:LaMelo Ball,54424-40783:Zach LaVine,54424-85305:Kenrich Williams,54424-40199:Giannis Antetokounmpo,54424-12362:DeMarcus Cousins
54424-9623:Chris Paul,54424-40783:Zach LaVine,54424-84682:Michael Porter Jr.,54424-40199:Giannis Antetokounmpo,54424-12362:DeMarcus Cousins
54424-40201:Dennis Schroder,54424-40783:Zach LaVine,54424-16261:Khris Middleton,54424-40199:Giannis Antetokounmpo,54424-12362:DeMarcus Cousins
54424-145485:LaMelo Ball,54424-40783:Zach LaVine,54424-24546:Denzel Valentine,54424-40199:Giannis Antetokounmpo,54424-12362:DeMarcus Cousins
54424-9623:Chris Paul,54424-40783:Zach LaVine,54424-16261:Khris Middleton,54424-15860:Draymond Green,54424-12362:DeMarcus Cousins
54424-23097:Tomas Satoransky,54424-15595:Bradley Beal,54424-16261:Khris Middleton,54424-40199:Giannis Antetokounmpo,54424-12362:DeMarcus Cousins
54424-145485:LaMelo Ball,54424-40783:Zach LaVine,54424-16261:Khris Middleton,54424-40199:Giannis Antetokounmpo,54424-9621:Brook Lopez
54424-67708:Dejounte Murray,54424-40783:Zach LaVine,54424-24546:Denzel Valentine,54424-40199:Giannis Antetokounmpo,54424-12362:DeMarcus Cousins
54424-145485:LaMelo Ball,54424-9714:DeMar DeRozan,54424-9577:Rudy Gay,54424-40199:Giannis Antetokounmpo,54424-12362:DeMarcus Cousins
54424-145485:LaMelo Ball,54424-40783:Zach LaVine,54424-16261:Khris Middleton,54424-63122:Kristaps Porzingis,54424-12362:DeMarcus Cousins
54424-145485:LaMelo Ball,54424-40783:Zach LaVine,54424-16261:Khris Middleton,54424-40199:Giannis Antetokounmpo,54424-12362:DeMarcus Cousins
54424-145485:LaMelo Ball,54424-15595:Bradley Beal,54424-16261:Khris Middleton,54424-145308:Patrick Williams,54424-12362:DeMarcus Cousins
54424-145485:LaMelo Ball,54424-40783:Zach LaVine,54424-84682:Michael Porter Jr.,54424-40199:Giannis Antetokounmpo,54424-12362:DeMarcus Cousins
54424-67708:Dejounte Murray,54424-40783:Zach LaVine,54424-16261:Khris Middleton,54424-40199:Giannis Antetokounmpo,54424-12362:DeMarcus Cousins
54424-145485:LaMelo Ball,54424-40783:Zach LaVine,54424-24546:Denzel Valentine,54424-40199:Giannis Antetokounmpo,54424-12362:DeMarcus Cousins
54424-145485:LaMelo Ball,54424-40783:Zach LaVine,54424-16261:Khris Middleton,54424-40199:Giannis Antetokounmpo,54424-12362:DeMarcus Cousins
54424-9623:Chris Paul,54424-40783:Zach LaVine,54424-16261:Khris Middleton,54424-40199:Giannis Antetokounmpo,54424-9621:Brook Lopez
54424-145485:LaMelo Ball,54424-40783:Zach LaVine,54424-16261:Khris Middleton,54424-40199:Giannis Antetokounmpo,54424-12362:DeMarcus Cousins
54424-145485:LaMelo Ball,54424-40783:Zach LaVine,54424-84682:Michael Porter Jr.,54424-63122:Kristaps Porzingis,54424-12362:DeMarcus Cousins
54424-145485:LaMelo Ball,54424-40783:Zach LaVine,54424-110347:Keldon Johnson,54424-40199:Giannis Antetokounmpo,54424-12362:DeMarcus Cousins
54424-84669:Luka Doncic,54424-40783:Zach LaVine,54424-24546:Denzel Valentine,54424-68203:Chris Boucher,54424-12362:DeMarcus Cousins
54424-42677:Terry Rozier,54424-9714:DeMar DeRozan,54424-16261:Khris Middleton,54424-40199:Giannis Antetokounmpo,54424-12362:DeMarcus Cousins
54424-145485:LaMelo Ball,54424-15684:Victor Oladipo,54424-16261:Khris Middleton,54424-40199:Giannis Antetokounmpo,54424-12362:DeMarcus Cousins
54424-40201:Dennis Schroder,54424-40783:Zach LaVine,54424-17333:Will Barton,54424-40199:Giannis Antetokounmpo,54424-12362:DeMarcus Cousins
54424-9524:Stephen Curry,54424-15684:Victor Oladipo,54424-24546:Denzel Valentine,54424-63122:Kristaps Porzingis,54424-12362:DeMarcus Cousins
54424-145485:LaMelo Ball,54424-15684:Victor Oladipo,54424-17333:Will Barton,54424-40199:Giannis Antetokounmpo,54424-12362:DeMarcus Cousins
54424-145485:LaMelo Ball,54424-15684:Victor Oladipo,54424-24546:Denzel Valentine,54424-40199:Giannis Antetokounmpo,54424-9621:Brook Lopez
54424-145485:LaMelo Ball,54424-40783:Zach LaVine,54424-12366:Gordon Hayward,54424-40199:Giannis Antetokounmpo,54424-12362:DeMarcus Cousins
54424-145485:LaMelo Ball,54424-40783:Zach LaVine,54424-24546:Denzel Valentine,54424-40199:Giannis Antetokounmpo,54424-12362:DeMarcus Cousins
54424-145485:LaMelo Ball,54424-40783:Zach LaVine,54424-17333:Will Barton,54424-40199:Giannis Antetokounmpo,54424-12362:DeMarcus Cousins
54424-145485:LaMelo Ball,54424-40783:Zach LaVine,54424-84682:Michael Porter Jr.,54424-63122:Kristaps Porzingis,54424-12362:DeMarcus Cousins
54424-9535:Kyle Lowry,54424-15684:Victor Oladipo,54424-84682:Michael Porter Jr.,54424-40199:Giannis Antetokounmpo,54424-12362:DeMarcus Cousins
54424-9623:Chris Paul,54424-15684:Victor Oladipo,54424-17333:Will Barton,54424-40199:Giannis Antetokounmpo,54424-12362:DeMarcus Cousins
54424-42677:Terry Rozier,54424-9714:DeMar DeRozan,54424-16261:Khris Middleton,54424-40199:Giannis Antetokounmpo,54424-12362:DeMarcus Cousins
54424-145485:LaMelo Ball,54424-15684:Victor Oladipo,54424-84682:Michael Porter Jr.,54424-40199:Giannis Antetokounmpo,54424-12362:DeMarcus Cousins
54424-145485:LaMelo Ball,54424-15595:Bradley Beal,54424-84682:Michael Porter Jr.,54424-63122:Kristaps Porzingis,54424-12362:DeMarcus Cousins
54424-145485:LaMelo Ball,54424-40783:Zach LaVine,54424-24546:Denzel Valentine,54424-40199:Giannis Antetokounmpo,54424-9621:Brook Lopez
54424-145485:LaMelo Ball,54424-9714:DeMar DeRozan,54424-24546:Denzel Valentine,54424-40199:Giannis Antetokounmpo,54424-12362:DeMarcus Cousins
54424-145485:LaMelo Ball,54424-40783:Zach LaVine,54424-85305:Kenrich Williams,54424-40199:Giannis Antetokounmpo,54424-12362:DeMarcus Cousins
54424-9623:Chris Paul,54424-40783:Zach LaVine,54424-17333:Will Barton,54424-40199:Giannis Antetokounmpo,54424-12362:DeMarcus Cousins
54424-145485:LaMelo Ball,54424-9714:DeMar DeRozan,54424-16376:Dorian Finney-Smith,54424-40199:Giannis Antetokounmpo,54424-12362:DeMarcus Cousins
54424-145485:LaMelo Ball,54424-15684:Victor Oladipo,54424-9577:Rudy Gay,54424-40199:Giannis Antetokounmpo,54424-12362:DeMarcus Cousins
54424-145485:LaMelo Ball,54424-15684:Victor Oladipo,54424-84670:Mikal Bridges,54424-40199:Giannis Antetokounmpo,54424-12362:DeMarcus Cousins
54424-145485:LaMelo Ball,54424-40783:Zach LaVine,54424-84682:Michael Porter Jr.,54424-40199:Giannis Antetokounmpo,54424-12362:DeMarcus Cousins
54424-145485:LaMelo Ball,54424-40783:Zach LaVine,54424-110347:Keldon Johnson,54424-40199:Giannis Antetokounmpo,54424-12362:DeMarcus Cousins
54424-145485:LaMelo Ball,54424-58460:Devin Booker,54424-17333:Will Barton,54424-40199:Giannis Antetokounmpo,54424-12362:DeMarcus Cousins
54424-9623:Chris Paul,54424-40783:Zach LaVine,54424-16261:Khris Middleton,54424-63122:Kristaps Porzingis,54424-15557:Andre Drummond
54424-145485:LaMelo Ball,54424-40783:Zach LaVine,54424-16261:Khris Middleton,54424-58377:Kyle Kuzma,54424-12362:DeMarcus Cousins
54424-145485:LaMelo Ball,54424-15684:Victor Oladipo,54424-16261:Khris Middleton,54424-40199:Giannis Antetokounmpo,54424-12362:DeMarcus Cousins
54424-9524:Stephen Curry,54424-40783:Zach LaVine,54424-17333:Will Barton,54424-63122:Kristaps Porzingis,54424-12362:DeMarcus Cousins
54424-9623:Chris Paul,54424-15684:Victor Oladipo,54424-16261:Khris Middleton,54424-40199:Giannis Antetokounmpo,54424-12362:DeMarcus Cousins
54424-145485:LaMelo Ball,54424-15684:Victor Oladipo,54424-84682:Michael Porter Jr.,54424-40199:Giannis Antetokounmpo,54424-12362:DeMarcus Cousins
54424-145485:LaMelo Ball,54424-15684:Victor Oladipo,54424-16261:Khris Middleton,54424-40199:Giannis Antetokounmpo,54424-12362:DeMarcus Cousins
54424-9623:Chris Paul,54424-40783:Zach LaVine,54424-84682:Michael Porter Jr.,54424-40199:Giannis Antetokounmpo,54424-12362:DeMarcus Cousins
54424-145485:LaMelo Ball,54424-40783:Zach LaVine,54424-16261:Khris Middleton,54424-40199:Giannis Antetokounmpo,54424-12362:DeMarcus Cousins
54424-40201:Dennis Schroder,54424-40783:Zach LaVine,54424-17333:Will Barton,54424-40199:Giannis Antetokounmpo,54424-12362:DeMarcus Cousins
54424-9623:Chris Paul,54424-40783:Zach LaVine,54424-16261:Khris Middleton,54424-40199:Giannis Antetokounmpo,54424-58378:Jakob Poeltl
54424-145485:LaMelo Ball,54424-40783:Zach LaVine,54424-84682:Michael Porter Jr.,54424-40199:Giannis Antetokounmpo,54424-12362:DeMarcus Cousins
54424-9524:Stephen Curry,54424-40783:Zach LaVine,54424-9577:Rudy Gay,54424-40199:Giannis Antetokounmpo,54424-12362:DeMarcus Cousins
54424-42677:Terry Rozier,54424-40783:Zach LaVine,54424-24546:Denzel Valentine,54424-40199:Giannis Antetokounmpo,54424-12362:DeMarcus Cousins
54424-145485:LaMelo Ball,54424-15595:Bradley Beal,54424-16261:Khris Middleton,54424-145308:Patrick Williams,54424-12362:DeMarcus Cousins
54424-9623:Chris Paul,54424-40783:Zach LaVine,54424-24546:Denzel Valentine,54424-40199:Giannis Antetokounmpo,54424-12362:DeMarcus Cousins
54424-9535:Kyle Lowry,54424-40783:Zach LaVine,54424-16261:Khris Middleton,54424-63122:Kristaps Porzingis,54424-12362:DeMarcus Cousins
54424-42677:Terry Rozier,54424-40783:Zach LaVine,54424-16261:Khris Middleton,54424-40199:Giannis Antetokounmpo,54424-12362:DeMarcus Cousins
54424-145485:LaMelo Ball,54424-40783:Zach LaVine,54424-110347:Keldon Johnson,54424-40199:Giannis Antetokounmpo,54424-12362:DeMarcus Cousins
54424-67708:Dejounte Murray,54424-40783:Zach LaVine,54424-16261:Khris Middleton,54424-40199:Giannis Antetokounmpo,54424-12362:DeMarcus Cousins
54424-145485:LaMelo Ball,54424-15684:Victor Oladipo,54424-17333:Will Barton,54424-40199:Giannis Antetokounmpo,54424-15557:Andre Drummond
54424-145485:LaMelo Ball,54424-40783:Zach LaVine,54424-23572:Taurean Prince,54424-40199:Giannis Antetokounmpo,54424-12362:DeMarcus Cousins
54424-145485:LaMelo Ball,54424-40783:Zach LaVine,54424-16261:Khris Middleton,54424-63122:Kristaps Porzingis,54424-12362:DeMarcus Cousins
54424-145485:LaMelo Ball,54424-9714:DeMar DeRozan,54424-16261:Khris Middleton,54424-63122:Kristaps Porzingis,54424-12362:DeMarcus Cousins
54424-42677:Terry Rozier,54424-40783:Zach LaVine,54424-12366:Gordon Hayward,54424-40199:Giannis Antetokounmpo,54424-12362:DeMarcus Cousins
54424-145485:LaMelo Ball,54424-15595:Bradley Beal,54424-84682:Michael Porter Jr.,54424-40199:Giannis Antetokounmpo,54424-12362:DeMarcus Cousins
54424-9623:Chris Paul,54424-40783:Zach LaVine,54424-16261:Khris Middleton,54424-63122:Kristaps Porzingis,54424-12362:DeMarcus Cousins
54424-145485:LaMelo Ball,54424-40783:Zach LaVine,54424-12366:Gordon Hayward,54424-40199:Giannis Antetokounmpo,54424-12362:DeMarcus Cousins
54424-9524:Stephen Curry,54424-40783:Zach LaVine,54424-24546:Denzel Valentine,54424-40199:Giannis Antetokounmpo,54424-12362:DeMarcus Cousins
54424-67708:Dejounte Murray,54424-40783:Zach LaVine,54424-17333:Will Barton,54424-40199:Giannis Antetokounmpo,54424-12362:DeMarcus Cousins
54424-42677:Terry Rozier,54424-9714:DeMar DeRozan,54424-24546:Denzel Valentine,54424-40199:Giannis Antetokounmpo,54424-15557:Andre Drummond
54424-9535:Kyle Lowry,54424-40783:Zach LaVine,54424-16261:Khris Middleton,54424-63122:Kristaps Porzingis,54424-12362:DeMarcus Cousins
54424-145485:LaMelo Ball,54424-40783:Zach LaVine,54424-111273:Luguentz Dort,54424-40199:Giannis Antetokounmpo,54424-12362:DeMarcus Cousins
54424-145485:LaMelo Ball,54424-40783:Zach LaVine,54424-17333:Will Barton,54424-63122:Kristaps Porzingis,54424-12362:DeMarcus Cousins
54424-9623:Chris Paul,54424-40783:Zach LaVine,54424-24546:Denzel Valentine,54424-40199:Giannis Antetokounmpo,54424-12362:DeMarcus Cousins
54424-9623:Chris Paul,54424-15684:Victor Oladipo,54424-85305:Kenrich Williams,54424-40199:Giannis Antetokounmpo,54424-12362:DeMarcus Cousins
54424-9524:Stephen Curry,54424-15684:Victor Oladipo,54424-17333:Will Barton,54424-40199:Giannis Antetokounmpo,54424-12362:DeMarcus Cousins
54424-9623:Chris Paul,54424-40783:Zach LaVine,54424-23572:Taurean Prince,54424-40199:Giannis Antetokounmpo,54424-12362:DeMarcus Cousins
54424-145485:LaMelo Ball,54424-40783:Zach LaVine,54424-16261:Khris Middleton,54424-63122:Kristaps Porzingis,54424-12362:DeMarcus Cousins
54424-145485:LaMelo Ball,54424-40783:Zach LaVine,54424-17333:Will Barton,54424-40199:Giannis Antetokounmpo,54424-12362:DeMarcus Cousins
54424-145485:LaMelo Ball,54424-40783:Zach LaVine,54424-16261:Khris Middleton,54424-68203:Chris Boucher,54424-15557:Andre Drummond
54424-84669:Luka Doncic,54424-15684:Victor Oladipo,54424-24546:Denzel Valentine,54424-40199:Giannis Antetokounmpo,54424-12362:DeMarcus Cousins
54424-42677:Terry Rozier,54424-40783:Zach LaVine,54424-16261:Khris Middleton,54424-40199:Giannis Antetokounmpo,54424-12362:DeMarcus Cousins
54424-9623:Chris Paul,54424-9714:DeMar DeRozan,54424-17333:Will Barton,54424-40199:Giannis Antetokounmpo,54424-12362:DeMarcus Cousins
54424-9623:Chris Paul,54424-40783:Zach LaVine,54424-16261:Khris Middleton,54424-63122:Kristaps Porzingis,54424-12362:DeMarcus Cousins
54424-9623:Chris Paul,54424-15595:Bradley Beal,54424-24546:Denzel Valentine,54424-40199:Giannis Antetokounmpo,54424-12362:DeMarcus Cousins
54424-145485:LaMelo Ball,54424-40783:Zach LaVine,54424-17333:Will Barton,54424-40199:Giannis Antetokounmpo,54424-12362:DeMarcus Cousins
54424-145485:LaMelo Ball,54424-40783:Zach LaVine,54424-16261:Khris Middleton,54424-145336:Xavier Tillman,54424-12362:DeMarcus Cousins
54424-145485:LaMelo Ball,54424-40783:Zach LaVine,54424-84682:Michael Porter Jr.,54424-40199:Giannis Antetokounmpo,54424-12362:DeMarcus Cousins
54424-40201:Dennis Schroder,54424-15684:Victor Oladipo,54424-16261:Khris Middleton,54424-40199:Giannis Antetokounmpo,54424-12362:DeMarcus Cousins
54424-145485:LaMelo Ball,54424-40783:Zach LaVine,54424-17333:Will Barton,54424-40199:Giannis Antetokounmpo,54424-9621:Brook Lopez
54424-145485:LaMelo Ball,54424-40783:Zach LaVine,54424-84670:Mikal Bridges,54424-40199:Giannis Antetokounmpo,54424-12362:DeMarcus Cousins
54424-67708:Dejounte Murray,54424-40783:Zach LaVine,54424-110347:Keldon Johnson,54424-40199:Giannis Antetokounmpo,54424-12362:DeMarcus Cousins
54424-42677:Terry Rozier,54424-40783:Zach LaVine,54424-16261:Khris Middleton,54424-40199:Giannis Antetokounmpo,54424-12362:DeMarcus Cousins
54424-9623:Chris Paul,54424-40783:Zach LaVine,54424-11074:Garrett Temple,54424-40199:Giannis Antetokounmpo,54424-12362:DeMarcus Cousins
54424-9623:Chris Paul,54424-15595:Bradley Beal,54424-16261:Khris Middleton,54424-40199:Giannis Antetokounmpo,54424-12362:DeMarcus Cousins
54424-145485:LaMelo Ball,54424-40783:Zach LaVine,54424-17333:Will Barton,54424-40199:Giannis Antetokounmpo,54424-12362:DeMarcus Cousins
54424-9524:Stephen Curry,54424-40783:Zach LaVine,54424-16261:Khris Middleton,54424-145308:Patrick Williams,54424-12362:DeMarcus Cousins
54424-145485:LaMelo Ball,54424-15595:Bradley Beal,54424-84682:Michael Porter Jr.,54424-58377:Kyle Kuzma,54424-12362:DeMarcus Cousins
54424-9939:Patrick Mills,54424-15684:Victor Oladipo,54424-17333:Will Barton,54424-145308:Patrick Williams,
54424-23097:Tomas Satoransky,54424-15684:Victor Oladipo,54424-24546:Denzel Valentine,54424-23407:P.J. Tucker,
54424-40201:Dennis Schroder,54424-58460:Devin Booker,54424-145539:Deni Avdija,54424-68203:Chris Boucher,
54424-9623:Chris Paul,54424-58460:Devin Booker,54424-24546:Denzel Valentine,54424-23407:P.J. Tucker,
54424-9939:Patrick Mills,54424-60233:Dillon Brooks,54424-145539:Deni Avdija,54424-145308:Patrick Williams,
54424-9939:Patrick Mills,54424-40262:Sterling Brown,54424-17333:Will Barton,54424-145308:Patrick Williams,
54424-9939:Patrick Mills,54424-9714:DeMar DeRozan,54424-145539:Deni Avdija,54424-23407:P.J. Tucker,
54424-9939:Patrick Mills,54424-58460:Devin Booker,54424-17333:Will Barton,54424-145308:Patrick Williams,
54424-23097:Tomas Satoransky,54424-15684:Victor Oladipo,54424-16376:Dorian Finney-Smith,54424-145319:Jaden McDaniels,
54424-9939:Patrick Mills,54424-40783:Zach LaVine,54424-145539:Deni Avdija,54424-145308:Patrick Williams,
54424-9939:Patrick Mills,54424-58460:Devin Booker,54424-17333:Will Barton,54424-23407:P.J. Tucker,
54424-67708:Dejounte Murray,54424-40262:Sterling Brown,54424-24546:Denzel Valentine,54424-23407:P.J. Tucker,
54424-40201:Dennis Schroder,54424-84667:Collin Sexton,54424-145539:Deni Avdija,54424-145308:Patrick Williams,
54424-9939:Patrick Mills,54424-15684:Victor Oladipo,54424-145539:Deni Avdija,54424-81621:Maxi Kleber,
54424-40201:Dennis Schroder,54424-15684:Victor Oladipo,54424-145539:Deni Avdija,54424-145308:Patrick Williams,
54424-23097:Tomas Satoransky,54424-60233:Dillon Brooks,54424-84682:Michael Porter Jr.,54424-68203:Chris Boucher,
54424-42677:Terry Rozier,54424-60233:Dillon Brooks,54424-16376:Dorian Finney-Smith,54424-145308:Patrick Williams,
54424-67708:Dejounte Murray,54424-60233:Dillon Brooks,54424-24546:Denzel Valentine,54424-23407:P.J. Tucker,
54424-40201:Dennis Schroder,54424-84667:Collin Sexton,54424-17333:Will Barton,54424-145308:Patrick Williams,
54424-9623:Chris Paul,54424-58460:Devin Booker,54424-85305:Kenrich Williams,54424-58377:Kyle Kuzma,
54424-67708:Dejounte Murray,54424-15684:Victor Oladipo,54424-17333:Will Barton,54424-145308:Patrick Williams,
54424-9939:Patrick Mills,54424-58460:Devin Booker,54424-145539:Deni Avdija,54424-63122:Kristaps Porzingis,
54424-67708:Dejounte Murray,54424-15684:Victor Oladipo,54424-145539:Deni Avdija,54424-23407:P.J. Tucker,
54424-9623:Chris Paul,54424-60233:Dillon Brooks,54424-16261:Khris Middleton,54424-145308:Patrick Williams,
54424-23097:Tomas Satoransky,54424-9714:DeMar DeRozan,54424-84682:Michael Porter Jr.,54424-58377:Kyle Kuzma,
54424-42677:Terry Rozier,54424-58460:Devin Booker,54424-24546:Denzel Valentine,54424-145308:Patrick Williams,
54424-9623:Chris Paul,54424-40262:Sterling Brown,54424-145539:Deni Avdija,54424-15860:Draymond Green,
54424-42677:Terry Rozier,54424-15684:Victor Oladipo,54424-145539:Deni Avdija,54424-145308:Patrick Williams,
54424-40201:Dennis Schroder,54424-15684:Victor Oladipo,54424-24546:Denzel Valentine,54424-23407:P.J. Tucker,
54424-23097:Tomas Satoransky,54424-9714:DeMar DeRozan,54424-24546:Denzel Valentine,54424-145308:Patrick Williams,
54424-9939:Patrick Mills,54424-60233:Dillon Brooks,54424-24546:Denzel Valentine,54424-63122:Kristaps Porzingis,
54424-40201:Dennis Schroder,54424-60233:Dillon Brooks,54424-9577:Rudy Gay,54424-23407:P.J. Tucker,
54424-9623:Chris Paul,54424-15684:Victor Oladipo,54424-85305:Kenrich Williams,54424-145308:Patrick Williams,
54424-9623:Chris Paul,54424-40262:Sterling Brown,54424-145539:Deni Avdija,54424-63122:Kristaps Porzingis,
54424-9939:Patrick Mills,54424-58460:Devin Booker,54424-145539:Deni Avdija,54424-145308:Patrick Williams,
54424-9939:Patrick Mills,54424-15684:Victor Oladipo,54424-24546:Denzel Valentine,54424-68203:Chris Boucher,
54424-67708:Dejounte Murray,54424-58460:Devin Booker,54424-16376:Dorian Finney-Smith,54424-145308:Patrick Williams,
54424-40201:Dennis Schroder,54424-58460:Devin Booker,54424-145539:Deni Avdija,54424-23407:P.J. Tucker,
54424-23097:Tomas Satoransky,54424-15684:Victor Oladipo,54424-24546:Denzel Valentine,54424-145308:Patrick Williams,
54424-9623:Chris Paul,54424-58460:Devin Booker,54424-145539:Deni Avdija,54424-68203:Chris Boucher,
54424-42677:Terry Rozier,54424-58460:Devin Booker,54424-24546:Denzel Valentine,54424-145308:Patrick Williams,
54424-9939:Patrick Mills,54424-58460:Devin Booker,54424-145539:Deni Avdija,54424-63122:Kristaps Porzingis,
54424-40201:Dennis Schroder,54424-9714:DeMar DeRozan,54424-145539:Deni Avdija,54424-58377:Kyle Kuzma,
54424-23097:Tomas Satoransky,54424-9714:DeMar DeRozan,54424-9577:Rudy Gay,54424-23407:P.J. Tucker,
54424-40201:Dennis Schroder,54424-58460:Devin Booker,54424-17333:Will Barton,54424-145308:Patrick Williams,
54424-49675:Derrick White,54424-9714:DeMar DeRozan,54424-145539:Deni Avdija,54424-145308:Patrick Williams,
54424-9939:Patrick Mills,54424-15684:Victor Oladipo,54424-145539:Deni Avdija,54424-68203:Chris Boucher,
54424-9939:Patrick Mills,54424-9714:DeMar DeRozan,54424-17333:Will Barton,54424-145308:Patrick Williams,
54424-9623:Chris Paul,54424-60233:Dillon Brooks,54424-145539:Deni Avdija,54424-68203:Chris Boucher,
54424-67708:Dejounte Murray,54424-15684:Victor Oladipo,54424-145539:Deni Avdija,54424-145308:Patrick Williams,
54424-9939:Patrick Mills,54424-40783:Zach LaVine,54424-17333:Will Barton,54424-145319:Jaden McDaniels,
54424-9939:Patrick Mills,54424-15684:Victor Oladipo,54424-24546:Denzel Valentine,54424-23407:P.J. Tucker,
54424-42677:Terry Rozier,54424-58460:Devin Booker,54424-85305:Kenrich Williams,54424-145308:Patrick Williams,
54424-9623:Chris Paul,54424-15684:Victor Oladipo,54424-145539:Deni Avdija,54424-23407:P.J. Tucker,
54424-40201:Dennis Schroder,54424-58460:Devin Booker,54424-17333:Will Barton,54424-145308:Patrick Williams,
54424-67708:Dejounte Murray,54424-40262:Sterling Brown,54424-85305:Kenrich Williams,54424-23407:P.J. Tucker,
54424-9623:Chris Paul,54424-40783:Zach LaVine,54424-145539:Deni Avdija,54424-23407:P.J. Tucker,
54424-9623:Chris Paul,54424-40262:Sterling Brown,54424-17333:Will Barton,54424-58377:Kyle Kuzma,
54424-23097:Tomas Satoransky,54424-58460:Devin Booker,54424-16376:Dorian Finney-Smith,54424-145308:Patrick Williams,
54424-67708:Dejounte Murray,54424-58460:Devin Booker,54424-145539:Deni Avdija,54424-145319:Jaden McDaniels,
54424-40201:Dennis Schroder,54424-40262:Sterling Brown,54424-84682:Michael Porter Jr.,54424-145308:Patrick Williams,
54424-9939:Patrick Mills,54424-9714:DeMar DeRozan,54424-17333:Will Barton,54424-145319:Jaden McDaniels,
54424-9939:Patrick Mills,54424-60233:Dillon Brooks,54424-85305:Kenrich Williams,54424-68203:Chris Boucher,
54424-67708:Dejounte Murray,54424-15684:Victor Oladipo,54424-24546:Denzel Valentine,54424-145308:Patrick Williams,
54424-9939:Patrick Mills,54424-58460:Devin Booker,54424-17333:Will Barton,54424-58377:Kyle Kuzma,
54424-145485:LaMelo Ball,54424-58460:Devin Booker,54424-145539:Deni Avdija,54424-145308:Patrick Williams,
54424-23097:Tomas Satoransky,54424-15684:Victor Oladipo,54424-145539:Deni Avdija,54424-68203:Chris Boucher,
54424-9623:Chris Paul,54424-40262:Sterling Brown,54424-9577:Rudy Gay,54424-145308:Patrick Williams,
54424-9939:Patrick Mills,54424-15684:Victor Oladipo,54424-9577:Rudy Gay,54424-63122:Kristaps Porzingis,
54424-145485:LaMelo Ball,54424-58460:Devin Booker,54424-145539:Deni Avdija,54424-145308:Patrick Williams,
54424-9623:Chris Paul,54424-84667:Collin Sexton,54424-24546:Denzel Valentine,54424-145319:Jaden McDaniels,
54424-9623:Chris Paul,54424-58460:Devin Booker,54424-145539:Deni Avdija,54424-58377:Kyle Kuzma,
54424-40201:Dennis Schroder,54424-60233:Dillon Brooks,54424-9577:Rudy Gay,54424-145308:Patrick Williams,
54424-42677:Terry Rozier,54424-40262:Sterling Brown,54424-16376:Dorian Finney-Smith,54424-63122:Kristaps Porzingis,
54424-23097:Tomas Satoransky,54424-15684:Victor Oladipo,54424-145539:Deni Avdija,54424-68203:Chris Boucher,
54424-9623:Chris Paul,54424-9714:DeMar DeRozan,54424-9577:Rudy Gay,54424-145308:Patrick Williams,
54424-145485:LaMelo Ball,54424-60233:Dillon Brooks,54424-24546:Denzel Valentine,54424-145308:Patrick Williams,
54424-40201:Dennis Schroder,54424-60233:Dillon Brooks,54424-24546:Denzel Valentine,54424-63122:Kristaps Porzingis,
54424-9939:Patrick Mills,54424-15684:Victor Oladipo,54424-84682:Michael Porter Jr.,54424-145308:Patrick Williams,
54424-40201:Dennis Schroder,54424-40262:Sterling Brown,54424-24546:Denzel Valentine,54424-63122:Kristaps Porzingis,
54424-23097:Tomas Satoransky,54424-40783:Zach LaVine,54424-17333:Will Barton,54424-145308:Patrick Williams,
54424-9623:Chris Paul,54424-15684:Victor Oladipo,54424-16376:Dorian Finney-Smith,54424-145319:Jaden McDaniels,
54424-42677:Terry Rozier,54424-15684:Victor Oladipo,54424-58134:Justin Jackson,54424-58377:Kyle Kuzma,
54424-40201:Dennis Schroder,54424-15684:Victor Oladipo,54424-16376:Dorian Finney-Smith,54424-145308:Patrick Williams,
54424-9939:Patrick Mills,54424-58460:Devin Booker,54424-24546:Denzel Valentine,54424-68203:Chris Boucher,
54424-9623:Chris Paul,54424-58460:Devin Booker,54424-145539:Deni Avdija,54424-145308:Patrick Williams,
54424-23097:Tomas Satoransky,54424-58460:Devin Booker,54424-16376:Dorian Finney-Smith,54424-63122:Kristaps Porzingis,
54424-9623:Chris Paul,54424-60233:Dillon Brooks,54424-17333:Will Barton,54424-145308:Patrick Williams,
54424-9623:Chris Paul,54424-15636:Kentavious Caldwell-Pope,54424-9577:Rudy Gay,54424-68203:Chris Boucher,
54424-67708:Dejounte Murray,54424-60233:Dillon Brooks,54424-24546:Denzel Valentine,54424-145308:Patrick Williams,
54424-67708:Dejounte Murray,54424-40262:Sterling Brown,54424-145539:Deni Avdija,54424-63122:Kristaps Porzingis,
54424-42677:Terry Rozier,54424-15684:Victor Oladipo,54424-145539:Deni Avdija,54424-145319:Jaden McDaniels,
54424-9623:Chris Paul,54424-9714:DeMar DeRozan,54424-23572:Taurean Prince,54424-145308:Patrick Williams,
54424-23097:Tomas Satoransky,54424-58460:Devin Booker,54424-145539:Deni Avdija,54424-58377:Kyle Kuzma,
54424-40201:Dennis Schroder,54424-15684:Victor Oladipo,54424-24546:Denzel Valentine,54424-145308:Patrick Williams,
54424-42677:Terry Rozier,54424-40262:Sterling Brown,54424-24546:Denzel Valentine,54424-68203:Chris Boucher,
54424-42677:Terry Rozier,54424-84667:Collin Sexton,54424-85305:Kenrich Williams,54424-145308:Patrick Williams,
54424-40201:Dennis Schroder,54424-60233:Dillon Brooks,54424-17333:Will Barton,54424-58377:Kyle Kuzma,
54424-40201:Dennis Schroder,54424-58460:Devin Booker,54424-9577:Rudy Gay,54424-145308:Patrick Williams,
54424-84690:Jalen Brunson,54424-58460:Devin Booker,54424-145539:Deni Avdija,54424-23407:P.J. Tucker,
54424-23097:Tomas Satoransky,54424-58460:Devin Booker,54424-24546:Denzel Valentine,54424-63122:Kristaps Porzingis,
54424-9939:Patrick Mills,54424-58460:Devin Booker,54424-145539:Deni Avdija,54424-145308:Patrick Williams,
54424-49675:Derrick White,54424-15684:Victor Oladipo,54424-9577:Rudy Gay,54424-145319:Jaden McDaniels,
54424-9939:Patrick Mills,54424-15684:Victor Oladipo,54424-16376:Dorian Finney-Smith,54424-145308:Patrick Williams,
54424-9939:Patrick Mills,54424-15684:Victor Oladipo,54424-145539:Deni Avdija,54424-63122:Kristaps Porzingis,
54424-9623:Chris Paul,54424-15684:Victor Oladipo,54424-17333:Will Barton,54424-145319:Jaden McDaniels,
54424-42677:Terry Rozier,54424-58460:Devin Booker,54424-145539:Deni Avdija,54424-58377:Kyle Kuzma,
54424-40201:Dennis Schroder,54424-15684:Victor Oladipo,54424-16376:Dorian Finney-Smith,54424-145308:Patrick Williams,
54424-23097:Tomas Satoransky,54424-40262:Sterling Brown,54424-17333:Will Barton,54424-63122:Kristaps Porzingis,
54424-9623:Chris Paul,54424-80816:Malik Monk,54424-85305:Kenrich Williams,54424-145308:Patrick Williams,
54424-9939:Patrick Mills,54424-15684:Victor Oladipo,54424-24546:Denzel Valentine,54424-145319:Jaden McDaniels,
54424-9939:Patrick Mills,54424-60233:Dillon Brooks,54424-24546:Denzel Valentine,54424-63122:Kristaps Porzingis,
54424-9623:Chris Paul,54424-16233:Josh Richardson,54424-24546:Denzel Valentine,54424-145308:Patrick Williams,
54424-67708:Dejounte Murray,54424-60233:Dillon Brooks,54424-24546:Denzel Valentine,54424-68203:Chris Boucher,
54424-9623:Chris Paul,54424-84667:Collin Sexton,54424-145539:Deni Avdija,54424-145308:Patrick Williams,
54424-23097:Tomas Satoransky,54424-15684:Victor Oladipo,54424-17333:Will Barton,54424-23407:P.J. Tucker,
54424-40201:Dennis Schroder,54424-60233:Dillon Brooks,54424-85305:Kenrich Williams,54424-145308:Patrick Williams,
54424-9939:Patrick Mills,54424-15684:Victor Oladipo,54424-17333:Will Barton,54424-68203:Chris Boucher,
54424-9939:Patrick Mills,54424-58460:Devin Booker,54424-16376:Dorian Finney-Smith,54424-23407:P.J. Tucker,
54424-9623:Chris Paul,54424-40262:Sterling Brown,54424-145539:Deni Avdija,54424-145308:Patrick Williams,
54424-42677:Terry Rozier,54424-15684:Victor Oladipo,54424-58134:Justin Jackson,54424-145308:Patrick Williams,
54424-9939:Patrick Mills,54424-58460:Devin Booker,54424-145539:Deni Avdija,54424-63122:Kristaps Porzingis,
54424-23097:Tomas Satoransky,54424-9714:DeMar DeRozan,54424-145539:Deni Avdija,54424-68203:Chris Boucher,
54424-40201:Dennis Schroder,54424-58460:Devin Booker,54424-24546:Denzel Valentine,54424-145308:Patrick Williams,
54424-42677:Terry Rozier,54424-9714:DeMar DeRozan,54424-24546:Denzel Valentine,54424-68203:Chris Boucher,
54424-42677:Terry Rozier,54424-15684:Victor Oladipo,54424-85305:Kenrich Williams,54424-23407:P.J. Tucker,
54424-67708:Dejounte Murray,54424-58460:Devin Booker,54424-9577:Rudy Gay,54424-145308:Patrick Williams,
54424-67708:Dejounte Murray,54424-60233:Dillon Brooks,54424-145539:Deni Avdija,54424-145308:Patrick Williams,
54424-9939:Patrick Mills,54424-9714:DeMar DeRozan,54424-16376:Dorian Finney-Smith,54424-68203:Chris Boucher,
54424-23097:Tomas Satoransky,54424-15684:Victor Oladipo,54424-84670:Mikal Bridges,54424-145308:Patrick Williams,
54424-67708:Dejounte Murray,54424-60233:Dillon Brooks,54424-16376:Dorian Finney-Smith,54424-68203:Chris Boucher,
54424-40201:Dennis Schroder,54424-58460:Devin Booker,54424-84682:Michael Porter Jr.,54424-145336:Xavier Tillman,
54424-67708:Dejounte Murray,54424-40262:Sterling Brown,54424-145539:Deni Avdija,54424-145308:Patrick Williams,
54424-40201:Dennis Schroder,54424-9714:DeMar DeRozan,54424-145539:Deni Avdija,54424-145319:Jaden McDaniels,
54424-42677:Terry Rozier,54424-40262:Sterling Brown,54424-24546:Denzel Valentine,54424-63122:Kristaps Porzingis,
54424-40201:Dennis Schroder,54424-9714:DeMar DeRozan,54424-85305:Kenrich Williams,54424-145308:Patrick Williams,
54424-23097:Tomas Satoransky,54424-15684:Victor Oladipo,54424-16376:Dorian Finney-Smith,54424-145308:Patrick Williams,
54424-42677:Terry Rozier,54424-58460:Devin Booker,54424-85305:Kenrich Williams,54424-145319:Jaden McDaniels,
54424-9623:Chris Paul,54424-15684:Victor Oladipo,54424-84682:Michael Porter Jr.,54424-145308:Patrick Williams,
54424-40201:Dennis Schroder,54424-58460:Devin Booker,54424-85305:Kenrich Williams,54424-23407:P.J. Tucker,
54424-9939:Patrick Mills,54424-58460:Devin Booker,54424-84682:Michael Porter Jr.,54424-68203:Chris Boucher,
54424-9623:Chris Paul,54424-58460:Devin Booker,54424-145539:Deni Avdija,54424-23407:P.J. Tucker,
54424-42677:Terry Rozier,54424-16233:Josh Richardson,54424-84682:Michael Porter Jr.,54424-145308:Patrick Williams,
54424-23097:Tomas Satoransky,54424-15684:Victor Oladipo,54424-84682:Michael Porter Jr.,54424-145308:Patrick Williams,
54424-9939:Patrick Mills,54424-15684:Victor Oladipo,54424-17333:Will Barton,54424-81621:Maxi Kleber,
54424-67708:Dejounte Murray,54424-58460:Devin Booker,54424-145539:Deni Avdija,54424-145308:Patrick Williams,
54424-40201:Dennis Schroder,54424-60233:Dillon Brooks,54424-145539:Deni Avdija,54424-145319:Jaden McDaniels,
54424-40201:Dennis Schroder,54424-9714:DeMar DeRozan,54424-16376:Dorian Finney-Smith,54424-81621:Maxi Kleber,
54424-145485:LaMelo Ball,54424-15684:Victor Oladipo,54424-9577:Rudy Gay,54424-23407:P.J. Tucker,
54424-9623:Chris Paul,54424-40783:Zach LaVine,54424-24546:Denzel Valentine,54424-145308:Patrick Williams,